INSERT INTO adtech.categories (id, name) VALUES
(1, 'Ad Network'),
(2, 'Mobile Attribution'),
(3, 'Analytics');


INSERT INTO adtech.companies (id, "name", parent_company_id) VALUES
(1, 'Google', NULL),
(2, 'Facebook', NULL),
(3, 'AppsFlyer', NULL),
(4, 'AppLovin', NULL),
(5, 'Kochava', NULL),
(6, 'Unity Ads', NULL),
(7, 'IAB Open Measurement', NULL),
(8, 'Tenjin', NULL),
(9, 'AirBridge', NULL),
(10, 'No Trackers Found', NULL),
(11, 'WanMei 完美', NULL),
(12, 'Branch', NULL),
(13, 'Salesforce', NULL),
(14, 'Singular', NULL),
(15, 'GameAnalytics', NULL),
(16, 'Ogury', NULL),
(17, 'Airship', NULL),
(18, 'InMarket', NULL),
(19, 'SFBX', NULL),
(20, 'Digital Turbine', NULL),
(21, 'InMobi', NULL),
(23, 'Amazon Advertisement', NULL),
(24, 'One Signal', NULL),
(27, 'Flurry', NULL),
(28, 'ByteDance', NULL),
(29, 'Mintegral', NULL),
(30, 'ChartBoost', NULL),
(31, 'Fyber', NULL),
(32, 'VK', NULL),
(33, 'AdJoe', NULL),
(34, 'BIGO Ads', NULL),
(35, 'Tempo Platform', NULL),
(36, 'VOODOO', NULL),
(37, 'Smaato', NULL),
(38, 'Appodeal', NULL),
(39, 'LiftOff', NULL),
(40, 'PubNative', NULL),
(42, 'AyeT Studios', NULL),
(43, 'Super Awesome', NULL),
(44, 'Kidoz', NULL),
(45, 'Yandex', NULL),
(25, 'TapJoy', 6),
(56, 'AdColony', 20),
(41, 'BidMachine', 38),
(46, 'AdMob', 1),
(47, 'ironSource', 6),
(48, 'Firebase', 1),
(49, 'Adjust', 3),
(50, 'Google Analytics', 1),
(51, 'AerServ', 21),
(22, 'Vungle', 39);





INSERT INTO adtech.company_categories (company_id, category_id) VALUES
(1, 1),
(2, 1),
(3, 2),
(4, 1),
(5, 2),
(6, 1),
(7, 3),
(8, 2),
(9, 2),
(10, 1),
(11, 1),
(12, 2),
(13, 3),
(14, 3),
(15, 3),
(16, 1),
(17, 1),
(18, 1),
(19, 1),
(20, 1),
(21, 1),
(22, 1),
(23, 1),
(24, 1),
(25, 1),
(56, 1),
(27, 1),
(28, 1),
(29, 1),
(30, 1),
(31, 1),
(32, 1),
(33, 1),
(34, 1),
(35, 1),
(36, 1),
(37, 1),
(38, 1),
(39, 1),
(40, 1),
(41, 1),
(42, 1),
(43, 1),
(44, 1),
(45, 1),
(46, 1),
(47, 1),
(48, 3),
(49, 2),
(50, 3),
(51, 1);




INSERT INTO adtech.sdk_packages (company_id, package_pattern) VALUES
(48, 'com.google.firebase.analytics'),
(1, 'com.google.android.gms.measurement'),
(48, 'com.google.firebase.firebase_analytics'),
(3, 'com.appsflyer'),
(5, 'com.kochava'),
(49, 'com.adjust.sdk'),
(49, 'com.adjust.android.sdk'),
(2, 'com.facebook.appevents'),
(2, 'com.facebook.marketing'),
(2, 'com.facebook.CampaignTrackingReceiver'),
(2, 'com.facebook.sdk.ApplicationId'),
(2, 'com.facebook.ads'),
(12, 'io.branch.sdk'),
(13, 'com.salesforce.marketingcloud'),
(15, 'com.gameanalytics.sdk'),
(17, 'com.urbanairship'),
(18, 'com.inmarket.m2m'),
(19, 'com.sfbx.appconsentv3'),
(50, 'com.google.android.apps.analytics'),
(50, 'com.google.android.gms.analytics'),
(50, 'com.google.analytics'),
(7, 'com.iab.omid.library'),
(7, 'com.prime31.util.IabHelperImpl'),
(7, 'com.prime31.IAB'),
(8, 'com.tenjin.android'),
(9, 'io.airbridge'),
(11, 'com.wpsdk'),
(48, 'com.google.firebase'),
(14, 'com.singular.sdk'),
(14, 'com.singular.preinstall'),
(1, 'com.google.ads'),
(1, 'com.google.android.gms.ads'),
(1, 'com.google.android.ads'),
(1, 'com.google.unity.ads'),
(1, 'com.google.android.gms.admob'),
(1, 'com.google.firebase.firebase_ads'),
(47, 'com.ironsource'),
(6, 'com.unity3d.services'),
(6, 'com.unity3d.ads'),
(4, 'com.applovin'),
(4, 'applovin.sdk.key'),
(34, 'sg.bigo.ads.'),
(35, 'com.tempoplatform.ads'),
(36, 'io.voodoo.adn'),
(37, 'com.smaato.sdk'),
(39, 'io.liftoff.liftoffads'),
(40, 'net.pubnative'),
(41, 'io.bidmachine'),
(51, 'com.aerserv.sdk'),
(42, 'com.ayetstudios'),
(43, 'tv.superawesome.sdk'),
(44, 'com.kidoz.sdk.api'),
(45, 'com.yandex.mobile.ads'),
(16, 'com.ogury'),
(21, 'com.inmobi'),
(21, 'in.inmobi'),
(56, 'com.adcolony'),
(56, 'com.jirbo.adcolony'),
(22, 'com.vungle.publisher'),
(22, 'com.vungle.warren'),
(22, 'com.vungle.ads'),
(23, 'com.amazon.device.ads'),
(23, 'com.amazon.aps.ads'),
(24, 'com.onesignal'),
(27, 'com.flurry'),
(28, 'com.bytedance'),
(28, 'com.pgl'),
(28, 'com.pangle.global'),
(29, 'com.mintegral'),
(29, 'com.mbridge.msdk'),
(30, 'com.chartboost.sdk'),
(25, 'com.tapjoy'),
(31, 'com.fyber'),
(32, 'com.vk.sdk'),
(32, 'com.vk.api.sdk'),
(33, 'io.adjoe.sdk'),
(20, 'com.digitalturbine');
